county,year,state_county_fips,state_fips_code,county_fips_code,total_admission_count,total_admission_percent,total_rate_per_100k_county_pop,felon_new_admission_count,felon_new_admission_percent,parole_violator_new_term_count,parole_violator_new_term_percent
alameda county,2010,06001,06,001,1194,2,77,870,2.1,324,1.9
alpine county,2010,06003,06,003,4,0,292.2,4,0,0,0
amador county,2010,06005,06,005,87,0.1,215.7,75,0.2,12,0.1
butte county,2010,06007,06,007,500,0.9,217.3,416,1,84,0.5
calaveras county,2010,06009,06,009,43,0.1,90.1,34,0.1,9,0.1
colusa county,2010,06011,06,011,36,0.1,151.3,28,0.1,8,0
contra costa county,2010,06013,06,013,455,0.8,42.3,368,0.9,87,0.5
del norte county,2010,06015,06,015,32,0.1,103.3,25,0.1,7,0
el dorado county,2010,06017,06,017,179,0.3,94.6,146,0.4,33,0.2
fresno county,2010,06019,06,019,1727,2.9,175.6,1247,3,480,2.8
glenn county,2010,06021,06,021,51,0.1,165.2,45,0.1,6,0
humboldt county,2010,06023,06,023,301,0.5,223.3,216,0.5,85,0.5
imperial county,2010,06025,06,025,193,0.3,101.8,133,0.3,60,0.3
inyo county,2010,06027,06,027,21,0,109.5,19,0,2,0
kern county,2010,06029,06,029,2296,3.9,263.4,1593,3.8,703,4.1
kings county,2010,06031,06,031,644,1.1,391.4,516,1.2,128,0.7
lake county,2010,06033,06,033,148,0.3,219.2,122,0.3,26,0.2
lassen county,2010,06035,06,035,57,0.1,150.3,43,0.1,14,0.1
los angeles county,2010,06037,06,037,19025,32.4,180.9,13170,31.7,5855,34.1
madera county,2010,06039,06,039,201,0.3,124,136,0.3,65,0.4
marin county,2010,06041,06,041,115,0.2,45.3,86,0.2,29,0.2
mariposa county,2010,06043,06,043,28,0,146.5,25,0.1,3,0
mendocino county,2010,06045,06,045,120,0.2,128.8,96,0.2,24,0.1
merced county,2010,06047,06,047,369,0.6,134.7,276,0.7,93,0.5
modoc county,2010,06049,06,049,6,0,55.5,5,0,1,0
mono county,2010,06051,06,051,7,0,47.2,5,0,2,0
monterey county,2010,06053,06,053,641,1.1,147.9,487,1.2,154,0.9
napa county,2010,06055,06,055,162,0.3,113.5,126,0.3,36,0.2
nevada county,2010,06057,06,057,38,0.1,37,31,0.1,7,0
orange county,2010,06059,06,059,3513,6,108.8,2316,5.6,1197,7
placer county,2010,06061,06,061,370,0.6,106.5,263,0.6,107,0.6
plumas county,2010,06063,06,063,25,0,114.6,23,0.1,2,0
riverside county,2010,06065,06,065,3550,6,158.5,2477,6,1073,6.2
sacramento county,2010,06067,06,067,2130,3.6,146.7,1453,3.5,677,3.9
san benito county,2010,06069,06,069,79,0.1,123,63,0.2,16,0.1
san bernardino county,2010,06071,06,071,5800,9.9,266.3,3978,9.6,1822,10.6
san diego county,2010,06073,06,073,3945,6.7,123.3,2768,6.7,1177,6.8
san francisco county,2010,06075,06,075,569,1,69.5,394,0.9,175,1
san joaquin county,2010,06077,06,077,1098,1.9,148.1,795,1.9,303,1.8
san luis obispo county,2010,06079,06,079,325,0.6,120.5,228,0.5,97,0.6
san mateo county,2010,06081,06,081,577,1,78.3,404,1,173,1
santa barbara county,2010,06083,06,083,676,1.2,155.6,494,1.2,182,1.1
santa clara county,2010,06085,06,085,1815,3.1,98.8,1343,3.2,472,2.7
santa cruz county,2010,06087,06,087,164,0.3,61.2,125,0.3,39,0.2
shasta county,2010,06089,06,089,511,0.9,266.5,413,1,98,0.6
sierra county,2010,06091,06,091,2,0,55.1,2,0,0,0
siskiyou county,2010,06093,06,093,74,0.1,157.1,64,0.2,10,0.1
solano county,2010,06095,06,095,647,1.1,146.7,454,1.1,193,1.1
sonoma county,2010,06097,06,097,422,0.7,85.2,350,0.8,72,0.4
stanislaus county,2010,06099,06,099,993,1.7,177.4,680,1.6,313,1.8
sutter county,2010,06101,06,101,213,0.4,208.2,176,0.4,37,0.2
tehama county,2010,06103,06,103,206,0.4,314.1,175,0.4,31,0.2
trinity county,2010,06105,06,105,15,0,98.9,11,0,4,0
tulare county,2010,06107,06,107,933,1.6,199.8,708,1.7,225,1.3
tuolumne county,2010,06109,06,109,54,0.1,92,33,0.1,21,0.1
ventura county,2010,06111,06,111,737,1.3,86.1,538,1.3,199,1.2
yolo county,2010,06113,06,113,438,0.7,212.5,339,0.8,99,0.6
yuba county,2010,06115,06,115,182,0.3,226.3,140,0.3,42,0.2
alameda county,2009,06001,06,001,1213,1.8,78.7,904,1.9,309,1.5
alpine county,2009,06003,06,003,1,0,73.6,1,0,0,0
amador county,2009,06005,06,005,69,0.1,173.1,60,0.1,9,0
butte county,2009,06007,06,007,437,0.6,192.7,336,0.7,101,0.5
calaveras county,2009,06009,06,009,49,0.1,103.8,41,0.1,8,0
colusa county,2009,06011,06,011,33,0,141.6,32,0.1,1,0
contra costa county,2009,06013,06,013,517,0.8,48.6,398,0.8,119,0.6
del norte county,2009,06015,06,015,38,0.1,124,33,0.1,5,0
el dorado county,2009,06017,06,017,157,0.2,84.3,126,0.3,31,0.1
fresno county,2009,06019,06,019,2228,3.3,230.9,1647,3.5,581,2.8
glenn county,2009,06021,06,021,35,0.1,115.1,24,0.1,11,0.1
humboldt county,2009,06023,06,023,232,0.3,173.1,146,0.3,86,0.4
imperial county,2009,06025,06,025,188,0.3,101.8,109,0.2,79,0.4
inyo county,2009,06027,06,027,48,0.1,251.5,40,0.1,8,0
kern county,2009,06029,06,029,2278,3.4,267,1539,3.3,739,3.6
kings county,2009,06031,06,031,638,0.9,396.2,502,1.1,136,0.7
lake county,2009,06033,06,033,147,0.2,220.3,129,0.3,18,0.1
lassen county,2009,06035,06,035,55,0.1,146.4,48,0.1,7,0
los angeles county,2009,06037,06,037,20560,30.3,196.8,14137,30.1,6423,30.9
madera county,2009,06039,06,039,316,0.5,199.7,235,0.5,81,0.4
marin county,2009,06041,06,041,119,0.2,46.9,99,0.2,20,0.1
mariposa county,2009,06043,06,043,31,0,163.7,27,0.1,4,0
mendocino county,2009,06045,06,045,139,0.2,150.3,102,0.2,37,0.2
merced county,2009,06047,06,047,433,0.6,161.7,326,0.7,107,0.5
modoc county,2009,06049,06,049,10,0,93.6,8,0,2,0
mono county,2009,06051,06,051,20,0,137.1,17,0,3,0
monterey county,2009,06053,06,053,626,0.9,145.4,466,1,160,0.8
napa county,2009,06055,06,055,161,0.2,114.3,119,0.3,42,0.2
nevada county,2009,06057,06,057,48,0.1,47.1,37,0.1,11,0.1
orange county,2009,06059,06,059,4276,6.3,134,3001,6.4,1275,6.1
placer county,2009,06061,06,061,351,0.5,103,255,0.5,96,0.5
plumas county,2009,06063,06,063,40,0.1,184,35,0.1,5,0
riverside county,2009,06065,06,065,3741,5.5,171.7,2484,5.3,1257,6
sacramento county,2009,06067,06,067,2383,3.5,165.8,1694,3.6,689,3.3
san benito county,2009,06069,06,069,68,0.1,108.9,53,0.1,15,0.1
san bernardino county,2009,06071,06,071,6115,9,286.2,4133,8.8,1982,9.5
san diego county,2009,06073,06,073,4170,6.2,131.6,2973,6.3,1197,5.8
san francisco county,2009,06075,06,075,632,0.9,77.6,427,0.9,205,1
san joaquin county,2009,06077,06,077,1330,2,183.7,988,2.1,342,1.6
san luis obispo county,2009,06079,06,079,317,0.5,118.3,217,0.5,100,0.5
san mateo county,2009,06081,06,081,674,1,91.8,503,1.1,171,0.8
santa barbara county,2009,06083,06,083,764,1.1,177.4,572,1.2,192,0.9
santa clara county,2009,06085,06,085,2173,3.2,119.1,1641,3.5,532,2.6
santa cruz county,2009,06087,06,087,164,0.2,61.5,136,0.3,28,0.1
shasta county,2009,06089,06,089,511,0.8,270.2,403,0.9,108,0.5
sierra county,2009,06091,06,091,1,0,27.4,1,0,0,0
siskiyou county,2009,06093,06,093,48,0.1,102.4,40,0.1,8,0
solano county,2009,06095,06,095,604,0.9,138.5,426,0.9,178,0.9
sonoma county,2009,06097,06,097,452,0.7,92,368,0.8,84,0.4
stanislaus county,2009,06099,06,099,1038,1.5,188.9,711,1.5,327,1.6
sutter county,2009,06101,06,101,275,0.4,274.9,222,0.5,53,0.3
tehama county,2009,06103,06,103,143,0.2,221.3,116,0.2,27,0.1
trinity county,2009,06105,06,105,23,0,153.3,18,0,5,0
tulare county,2009,06107,06,107,899,1.3,196.9,660,1.4,239,1.1
tuolumne county,2009,06109,06,109,76,0.1,130.1,65,0.1,11,0.1
ventura county,2009,06111,06,111,821,1.2,97,603,1.3,218,1
yolo county,2009,06113,06,113,525,0.8,259,433,0.9,92,0.4
yuba county,2009,06115,06,115,193,0.3,246,140,0.3,53,0.3
alameda county,2008,06001,06,001,1485,2.2,97,1115,2.4,370,1.8
alpine county,2008,06003,06,003,1,0,74.4,1,0,0,0
amador county,2008,06005,06,005,74,0.1,187.8,62,0.1,12,0.1
butte county,2008,06007,06,007,520,0.8,232.6,381,0.8,139,0.7
calaveras county,2008,06009,06,009,62,0.1,132.9,56,0.1,6,0
colusa county,2008,06011,06,011,30,0,131.4,26,0.1,4,0
contra costa county,2008,06013,06,013,494,0.7,46.9,387,0.8,107,0.5
del norte county,2008,06015,06,015,50,0.1,165,38,0.1,12,0.1
el dorado county,2008,06017,06,017,199,0.3,108.5,154,0.3,45,0.2
fresno county,2008,06019,06,019,2268,3.3,239.7,1673,3.6,595,2.9
glenn county,2008,06021,06,021,45,0.1,150.3,34,0.1,11,0.1
humboldt county,2008,06023,06,023,245,0.4,183.8,159,0.3,86,0.4
imperial county,2008,06025,06,025,167,0.2,92.9,100,0.2,67,0.3
inyo county,2008,06027,06,027,40,0.1,210.4,35,0.1,5,0
kern county,2008,06029,06,029,2219,3.3,265.7,1521,3.2,698,3.4
kings county,2008,06031,06,031,543,0.8,344.6,422,0.9,121,0.6
lake county,2008,06033,06,033,154,0.2,233.5,134,0.3,20,0.1
lassen county,2008,06035,06,035,72,0.1,193.4,62,0.1,10,0
los angeles county,2008,06037,06,037,21555,31.8,207.6,14705,31.3,6850,32.9
madera county,2008,06039,06,039,364,0.5,235.7,269,0.6,95,0.5
marin county,2008,06041,06,041,131,0.2,51.7,106,0.2,25,0.1
mariposa county,2008,06043,06,043,29,0,154.5,24,0.1,5,0
mendocino county,2008,06045,06,045,160,0.2,174.3,139,0.3,21,0.1
merced county,2008,06047,06,047,418,0.6,159.8,284,0.6,134,0.6
modoc county,2008,06049,06,049,5,0,47.3,5,0,0,0
mono county,2008,06051,06,051,10,0,69.7,9,0,1,0
monterey county,2008,06053,06,053,580,0.9,135.6,408,0.9,172,0.8
napa county,2008,06055,06,055,157,0.2,113,125,0.3,32,0.2
nevada county,2008,06057,06,057,36,0.1,35.6,31,0.1,5,0
orange county,2008,06059,06,059,4646,6.9,147.4,3199,6.8,1447,7
placer county,2008,06061,06,061,369,0.5,110.5,280,0.6,89,0.4
plumas county,2008,06063,06,063,35,0.1,161.5,30,0.1,5,0
riverside county,2008,06065,06,065,4466,6.6,210.7,2867,6.1,1599,7.7
sacramento county,2008,06067,06,067,2335,3.4,164.1,1716,3.7,619,3
san benito county,2008,06069,06,069,49,0.1,80.6,36,0.1,13,0.1
san bernardino county,2008,06071,06,071,6244,9.2,297.9,4162,8.9,2082,10
san diego county,2008,06073,06,073,4261,6.3,135.8,2902,6.2,1359,6.5
san francisco county,2008,06075,06,075,630,0.9,77.8,457,1,173,0.8
san joaquin county,2008,06077,06,077,1153,1.7,163.1,911,1.9,242,1.2
san luis obispo county,2008,06079,06,079,291,0.4,109.3,202,0.4,89,0.4
san mateo county,2008,06081,06,081,687,1,93.9,504,1.1,183,0.9
santa barbara county,2008,06083,06,083,631,0.9,147.8,444,0.9,187,0.9
santa clara county,2008,06085,06,085,2376,3.5,131.3,1744,3.7,632,3
santa cruz county,2008,06087,06,087,159,0.2,59.9,132,0.3,27,0.1
shasta county,2008,06089,06,089,537,0.8,287.9,412,0.9,125,0.6
sierra county,2008,06091,06,091,5,0,136.7,5,0,0,0
siskiyou county,2008,06093,06,093,65,0.1,139.4,51,0.1,14,0.1
solano county,2008,06095,06,095,643,0.9,149,449,1,194,0.9
sonoma county,2008,06097,06,097,431,0.6,88.4,345,0.7,86,0.4
stanislaus county,2008,06099,06,099,1046,1.5,194,714,1.5,332,1.6
sutter county,2008,06101,06,101,335,0.5,342.5,264,0.6,71,0.3
tehama county,2008,06103,06,103,166,0.2,260.6,139,0.3,27,0.1
trinity county,2008,06105,06,105,20,0,134.7,17,0,3,0
tulare county,2008,06107,06,107,935,1.4,209.4,675,1.4,260,1.2
tuolumne county,2008,06109,06,109,89,0.1,153,62,0.1,27,0.1
ventura county,2008,06111,06,111,838,1.2,100,586,1.2,252,1.2
yolo county,2008,06113,06,113,562,0.8,282,451,1,111,0.5
yuba county,2008,06115,06,115,219,0.3,286.1,165,0.4,54,0.3
alameda county,2007,06001,06,001,1315,1.9,86.5,905,1.9,410,2
alpine county,2007,06003,06,003,2,0,150.3,2,0,0,0
amador county,2007,06005,06,005,76,0.1,195.1,65,0.1,11,0.1
butte county,2007,06007,06,007,486,0.7,220.5,385,0.8,101,0.5
calaveras county,2007,06009,06,009,64,0.1,138.8,57,0.1,7,0
colusa county,2007,06011,06,011,38,0.1,169.9,30,0.1,8,0
contra costa county,2007,06013,06,013,468,0.7,44.9,341,0.7,127,0.6
del norte county,2007,06015,06,015,51,0.1,170.2,41,0.1,10,0
el dorado county,2007,06017,06,017,181,0.3,100.3,152,0.3,29,0.1
fresno county,2007,06019,06,019,2629,3.9,283.2,1895,4,734,3.5
glenn county,2007,06021,06,021,60,0.1,203.5,50,0.1,10,0
humboldt county,2007,06023,06,023,256,0.4,193.2,179,0.4,77,0.4
imperial county,2007,06025,06,025,178,0.3,101.7,119,0.3,59,0.3
inyo county,2007,06027,06,027,45,0.1,237.6,36,0.1,9,0
kern county,2007,06029,06,029,2250,3.3,275.4,1586,3.4,664,3.2
kings county,2007,06031,06,031,564,0.8,365.9,461,1,103,0.5
lake county,2007,06033,06,033,193,0.3,296,153,0.3,40,0.2
lassen county,2007,06035,06,035,79,0.1,214.1,65,0.1,14,0.1
los angeles county,2007,06037,06,037,22311,32.9,216.1,14848,31.6,7463,35.9
madera county,2007,06039,06,039,384,0.6,255.1,296,0.6,88,0.4
marin county,2007,06041,06,041,128,0.2,50.6,94,0.2,34,0.2
mariposa county,2007,06043,06,043,35,0.1,188,32,0.1,3,0
mendocino county,2007,06045,06,045,103,0.2,113,87,0.2,16,0.1
merced county,2007,06047,06,047,448,0.7,175.3,329,0.7,119,0.6
modoc county,2007,06049,06,049,9,0,86.1,8,0,1,0
mono county,2007,06051,06,051,24,0,170,18,0,6,0
monterey county,2007,06053,06,053,744,1.1,175.2,569,1.2,175,0.8
napa county,2007,06055,06,055,179,0.3,130.5,141,0.3,38,0.2
nevada county,2007,06057,06,057,40,0.1,39.9,36,0.1,4,0
orange county,2007,06059,06,059,5120,7.6,164.3,3445,7.3,1675,8
placer county,2007,06061,06,061,410,0.6,125.2,326,0.7,84,0.4
plumas county,2007,06063,06,063,36,0.1,166.7,32,0.1,4,0
riverside county,2007,06065,06,065,4282,6.3,207.7,2806,6,1476,7.1
sacramento county,2007,06067,06,067,2253,3.3,160,1583,3.4,670,3.2
san benito county,2007,06069,06,069,75,0.1,126.8,51,0.1,24,0.1
san bernardino county,2007,06071,06,071,5981,8.8,290.9,3910,8.3,2071,10
san diego county,2007,06073,06,073,4450,6.6,143.2,2942,6.3,1508,7.2
san francisco county,2007,06075,06,075,478,0.7,59.3,371,0.8,107,0.5
san joaquin county,2007,06077,06,077,1145,1.7,165.9,918,2,227,1.1
san luis obispo county,2007,06079,06,079,314,0.5,118.7,226,0.5,88,0.4
san mateo county,2007,06081,06,081,801,1.2,109.9,580,1.2,221,1.1
santa barbara county,2007,06083,06,083,806,1.2,190.4,574,1.2,232,1.1
santa clara county,2007,06085,06,085,2313,3.4,128.8,1758,3.7,555,2.7
santa cruz county,2007,06087,06,087,150,0.2,56.7,109,0.2,41,0.2
shasta county,2007,06089,06,089,525,0.8,285.3,409,0.9,116,0.6
sierra county,2007,06091,06,091,4,0,109.1,4,0,0,0
siskiyou county,2007,06093,06,093,67,0.1,144.4,55,0.1,12,0.1
solano county,2007,06095,06,095,756,1.1,177.1,523,1.1,233,1.1
sonoma county,2007,06097,06,097,478,0.7,98.8,383,0.8,95,0.5
stanislaus county,2007,06099,06,099,922,1.4,174.2,613,1.3,309,1.5
sutter county,2007,06101,06,101,268,0.4,280.4,221,0.5,47,0.2
tehama county,2007,06103,06,103,183,0.3,291.4,134,0.3,49,0.2
trinity county,2007,06105,06,105,14,0,95.3,12,0,2,0
tulare county,2007,06107,06,107,1000,1.5,229,765,1.6,235,1.1
tuolumne county,2007,06109,06,109,94,0.1,162.4,76,0.2,18,0.1
ventura county,2007,06111,06,111,876,1.3,105.7,693,1.5,183,0.9
yolo county,2007,06113,06,113,404,0.6,206.2,292,0.6,112,0.5
yuba county,2007,06115,06,115,250,0.4,334.8,196,0.4,54,0.3
alameda county,2006,06001,06,001,1437,2.1,95.1,1029,2.1,408,2
alpine county,2006,06003,06,003,1,0,75.7,1,0,0,0
amador county,2006,06005,06,005,76,0.1,197.3,66,0.1,10,0
butte county,2006,06007,06,007,554,0.8,255,452,0.9,102,0.5
calaveras county,2006,06009,06,009,76,0.1,166.6,63,0.1,13,0.1
colusa county,2006,06011,06,011,29,0,132.3,24,0,5,0
contra costa county,2006,06013,06,013,568,0.8,55,401,0.8,167,0.8
del norte county,2006,06015,06,015,46,0.1,155.1,36,0.1,10,0
el dorado county,2006,06017,06,017,171,0.2,96.3,128,0.3,43,0.2
fresno county,2006,06019,06,019,2406,3.5,264.2,1755,3.6,651,3.1
glenn county,2006,06021,06,021,91,0.1,313.2,80,0.2,11,0.1
humboldt county,2006,06023,06,023,304,0.4,230.7,187,0.4,117,0.6
imperial county,2006,06025,06,025,150,0.2,88.1,87,0.2,63,0.3
inyo county,2006,06027,06,027,51,0.1,270.3,40,0.1,11,0.1
kern county,2006,06029,06,029,2416,3.5,302.2,1731,3.6,685,3.3
kings county,2006,06031,06,031,563,0.8,373.4,467,1,96,0.5
lake county,2006,06033,06,033,221,0.3,342.8,176,0.4,45,0.2
lassen county,2006,06035,06,035,67,0.1,183.3,58,0.1,9,0
los angeles county,2006,06037,06,037,23110,33.3,225.2,15760,32.4,7350,35.4
madera county,2006,06039,06,039,339,0.5,231.1,267,0.5,72,0.3
marin county,2006,06041,06,041,114,0.2,45.1,94,0.2,20,0.1
mariposa county,2006,06043,06,043,18,0,97.6,14,0,4,0
mendocino county,2006,06045,06,045,137,0.2,151.4,117,0.2,20,0.1
merced county,2006,06047,06,047,504,0.7,201.8,386,0.8,118,0.6
modoc county,2006,06049,06,049,13,0,125.8,12,0,1,0
mono county,2006,06051,06,051,14,0,100.8,10,0,4,0
monterey county,2006,06053,06,053,727,1,172.3,559,1.1,168,0.8
napa county,2006,06055,06,055,175,0.3,129.3,147,0.3,28,0.1
nevada county,2006,06057,06,057,37,0.1,37.2,32,0.1,5,0
orange county,2006,06059,06,059,4652,6.7,151.1,3168,6.5,1484,7.1
placer county,2006,06061,06,061,348,0.5,108.5,267,0.5,81,0.4
plumas county,2006,06063,06,063,37,0.1,171.7,33,0.1,4,0
riverside county,2006,06065,06,065,4708,6.8,234.8,2992,6.2,1716,8.3
sacramento county,2006,06067,06,067,1895,2.7,135.9,1288,2.6,607,2.9
san benito county,2006,06069,06,069,73,0.1,126.8,53,0.1,20,0.1
san bernardino county,2006,06071,06,071,6385,9.2,316.6,4315,8.9,2070,10
san diego county,2006,06073,06,073,4552,6.6,148,3023,6.2,1529,7.4
san francisco county,2006,06075,06,075,498,0.7,62.1,405,0.8,93,0.4
san joaquin county,2006,06077,06,077,1190,1.7,176.6,964,2,226,1.1
san luis obispo county,2006,06079,06,079,302,0.4,114.9,215,0.4,87,0.4
san mateo county,2006,06081,06,081,816,1.2,112.4,629,1.3,187,0.9
santa barbara county,2006,06083,06,083,798,1.1,190.2,592,1.2,206,1
santa clara county,2006,06085,06,085,2467,3.6,138.5,1830,3.8,637,3.1
santa cruz county,2006,06087,06,087,160,0.2,60.8,127,0.3,33,0.2
shasta county,2006,06089,06,089,616,0.9,339.3,488,1,128,0.6
sierra county,2006,06091,06,091,6,0,163,5,0,1,0
siskiyou county,2006,06093,06,093,95,0.1,205.5,79,0.2,16,0.1
solano county,2006,06095,06,095,810,1.2,191.8,566,1.2,244,1.2
sonoma county,2006,06097,06,097,505,0.7,105.1,391,0.8,114,0.5
stanislaus county,2006,06099,06,099,832,1.2,160.1,573,1.2,259,1.2
sutter county,2006,06101,06,101,300,0.4,321.2,249,0.5,51,0.2
tehama county,2006,06103,06,103,217,0.3,350.5,173,0.4,44,0.2
trinity county,2006,06105,06,105,31,0,213.3,23,0,8,0
tulare county,2006,06107,06,107,1030,1.5,241.2,782,1.6,248,1.2
tuolumne county,2006,06109,06,109,108,0.2,187.4,86,0.2,22,0.1
ventura county,2006,06111,06,111,903,1.3,110.1,679,1.4,224,1.1
yolo county,2006,06113,06,113,431,0.6,223.9,288,0.6,143,0.7
yuba county,2006,06115,06,115,228,0.3,313.1,177,0.4,51,0.2
alameda county,2005,06001,06,001,1755,2.6,114.1,1220,2.5,535,2.7
alpine county,2005,06003,06,003,1,0,75,1,0,0,0
amador county,2005,06005,06,005,91,0.1,240.9,83,0.2,8,0
butte county,2005,06007,06,007,486,0.7,223.9,405,0.8,81,0.4
calaveras county,2005,06009,06,009,70,0.1,154.5,63,0.1,7,0
colusa county,2005,06011,06,011,50,0.1,238.6,48,0.1,2,0
contra costa county,2005,06013,06,013,529,0.8,51.1,404,0.8,125,0.6
del norte county,2005,06015,06,015,78,0.1,272.5,65,0.1,13,0.1
el dorado county,2005,06017,06,017,155,0.2,89,129,0.3,26,0.1
fresno county,2005,06019,06,019,2211,3.2,250.5,1695,3.5,516,2.6
glenn county,2005,06021,06,021,74,0.1,261.6,58,0.1,16,0.1
humboldt county,2005,06023,06,023,272,0.4,207.8,188,0.4,84,0.4
imperial county,2005,06025,06,025,169,0.2,105.3,114,0.2,55,0.3
inyo county,2005,06027,06,027,55,0.1,296.8,46,0.1,9,0
kern county,2005,06029,06,029,2243,3.3,300.4,1633,3.4,610,3.1
kings county,2005,06031,06,031,500,0.7,347.9,410,0.8,90,0.5
lake county,2005,06033,06,033,199,0.3,309.1,173,0.4,26,0.1
lassen county,2005,06035,06,035,45,0.1,123.9,38,0.1,7,0
los angeles county,2005,06037,06,037,22003,32.2,216.9,15237,31.3,6766,34.2
madera county,2005,06039,06,039,329,0.5,237.1,259,0.5,70,0.4
marin county,2005,06041,06,041,86,0.1,34.2,72,0.1,14,0.1
mariposa county,2005,06043,06,043,31,0,170.1,26,0.1,5,0
mendocino county,2005,06045,06,045,152,0.2,167.4,126,0.3,26,0.1
merced county,2005,06047,06,047,574,0.8,234.6,456,0.9,118,0.6
modoc county,2005,06049,06,049,25,0,258.9,23,0,2,0
mono county,2005,06051,06,051,13,0,93.3,10,0,3,0
monterey county,2005,06053,06,053,687,1,160.2,529,1.1,158,0.8
napa county,2005,06055,06,055,182,0.3,135.4,159,0.3,23,0.1
nevada county,2005,06057,06,057,48,0.1,48.2,45,0.1,3,0
orange county,2005,06059,06,059,4776,7,155.3,3243,6.7,1533,7.8
placer county,2005,06061,06,061,400,0.6,131.8,303,0.6,97,0.5
plumas county,2005,06063,06,063,41,0.1,193.7,38,0.1,3,0
riverside county,2005,06065,06,065,5119,7.5,273.5,3407,7,1712,8.7
sacramento county,2005,06067,06,067,2180,3.2,156.3,1484,3.1,696,3.5
san benito county,2005,06069,06,069,72,0.1,123.2,60,0.1,12,0.1
san bernardino county,2005,06071,06,071,6103,8.9,314.2,4117,8.5,1986,10.1
san diego county,2005,06073,06,073,4717,6.9,154,3152,6.5,1565,7.9
san francisco county,2005,06075,06,075,436,0.6,54.8,331,0.7,105,0.5
san joaquin county,2005,06077,06,077,1004,1.5,152.2,863,1.8,141,0.7
san luis obispo county,2005,06079,06,079,357,0.5,135.9,263,0.5,94,0.5
san mateo county,2005,06081,06,081,787,1.2,108.8,601,1.2,186,0.9
santa barbara county,2005,06083,06,083,879,1.3,209.5,654,1.3,225,1.1
santa clara county,2005,06085,06,085,2388,3.5,135.9,1799,3.7,589,3
santa cruz county,2005,06087,06,087,251,0.4,95.7,207,0.4,44,0.2
shasta county,2005,06089,06,089,607,0.9,334.6,471,1,136,0.7
sierra county,2005,06091,06,091,6,0,168,6,0,0,0
siskiyou county,2005,06093,06,093,64,0.1,141.4,48,0.1,16,0.1
solano county,2005,06095,06,095,746,1.1,174.5,550,1.1,196,1
sonoma county,2005,06097,06,097,433,0.6,89.1,363,0.7,70,0.4
stanislaus county,2005,06099,06,099,863,1.3,169.7,573,1.2,290,1.5
sutter county,2005,06101,06,101,276,0.4,312.6,233,0.5,43,0.2
tehama county,2005,06103,06,103,261,0.4,436.5,212,0.4,49,0.2
trinity county,2005,06105,06,105,15,0,111,12,0,3,0
tulare county,2005,06107,06,107,910,1.3,222.9,700,1.4,210,1.1
tuolumne county,2005,06109,06,109,107,0.2,184.5,83,0.2,24,0.1
ventura county,2005,06111,06,111,722,1.1,88.3,553,1.1,169,0.9
yolo county,2005,06113,06,113,510,0.7,262.4,397,0.8,113,0.6
yuba county,2005,06115,06,115,220,0.3,330.8,170,0.3,50,0.3
alameda county,2004,06001,06,001,1631,2.5,104.9,1169,2.5,462,2.6
alpine county,2004,06003,06,003,1,0,74.4,1,0,0,0
amador county,2004,06005,06,005,73,0.1,200.7,63,0.1,10,0.1
butte county,2004,06007,06,007,598,0.9,260.1,516,1.1,82,0.5
calaveras county,2004,06009,06,009,71,0.1,150.1,65,0.1,6,0
colusa county,2004,06011,06,011,36,0.1,143.2,32,0.1,4,0
contra costa county,2004,06013,06,013,620,1,63.7,478,1,142,0.8
del norte county,2004,06015,06,015,50,0.1,148.2,43,0.1,7,0
el dorado county,2004,06017,06,017,158,0.2,85.1,122,0.3,36,0.2
fresno county,2004,06019,06,019,2066,3.2,237.9,1631,3.5,435,2.4
glenn county,2004,06021,06,021,79,0.1,237.5,70,0.1,9,0.1
humboldt county,2004,06023,06,023,278,0.4,211.3,193,0.4,85,0.5
imperial county,2004,06025,06,025,230,0.4,126.9,160,0.3,70,0.4
inyo county,2004,06027,06,027,40,0.1,213.2,33,0.1,7,0
kern county,2004,06029,06,029,2262,3.5,302.6,1653,3.5,609,3.4
kings county,2004,06031,06,031,525,0.8,381.7,445,1,80,0.4
lake county,2004,06033,06,033,204,0.3,300.6,169,0.4,35,0.2
lassen county,2004,06035,06,035,49,0.1,125.2,40,0.1,9,0.1
los angeles county,2004,06037,06,037,21452,33.2,211,15128,32.3,6324,35.4
madera county,2004,06039,06,039,343,0.5,236.5,282,0.6,61,0.3
marin county,2004,06041,06,041,77,0.1,30.4,62,0.1,15,0.1
mariposa county,2004,06043,06,043,29,0,156.8,26,0.1,3,0
mendocino county,2004,06045,06,045,184,0.3,190.6,160,0.3,24,0.1
merced county,2004,06047,06,047,505,0.8,215.4,398,0.9,107,0.6
modoc county,2004,06049,06,049,24,0,220.2,22,0,2,0
mono county,2004,06051,06,051,11,0,95.1,7,0,4,0
monterey county,2004,06053,06,053,649,1,149.9,500,1.1,149,0.8
napa county,2004,06055,06,055,164,0.3,121.9,126,0.3,38,0.2
nevada county,2004,06057,06,057,45,0.1,41.9,36,0.1,9,0.1
orange county,2004,06059,06,059,4368,6.8,146.3,3211,6.9,1157,6.5
placer county,2004,06061,06,061,375,0.6,134.4,285,0.6,90,0.5
plumas county,2004,06063,06,063,35,0.1,163.1,33,0.1,2,0
riverside county,2004,06065,06,065,4675,7.2,261,3100,6.6,1575,8.8
sacramento county,2004,06067,06,067,1879,2.9,143.9,1310,2.8,569,3.2
san benito county,2004,06069,06,069,55,0.1,93.7,49,0.1,6,0
san bernardino county,2004,06071,06,071,5795,9,303.9,3976,8.5,1819,10.2
san diego county,2004,06073,06,073,4215,6.5,132.9,2836,6.1,1379,7.7
san francisco county,2004,06075,06,075,407,0.6,51.2,310,0.7,97,0.5
san joaquin county,2004,06077,06,077,894,1.4,140.8,760,1.6,134,0.8
san luis obispo county,2004,06079,06,079,296,0.5,104.4,217,0.5,79,0.4
san mateo county,2004,06081,06,081,742,1.1,94.5,554,1.2,188,1.1
santa barbara county,2004,06083,06,083,643,1,148.5,464,1,179,1
santa clara county,2004,06085,06,085,2312,3.6,122.5,1781,3.8,531,3
santa cruz county,2004,06087,06,087,159,0.2,57.1,125,0.3,34,0.2
shasta county,2004,06089,06,089,563,0.9,293.3,487,1,76,0.4
sierra county,2004,06091,06,091,4,0,114.4,4,0,0,0
siskiyou county,2004,06093,06,093,72,0.1,153.6,58,0.1,14,0.1
solano county,2004,06095,06,095,747,1.2,172.6,550,1.2,197,1.1
sonoma county,2004,06097,06,097,421,0.7,84.9,352,0.8,69,0.4
stanislaus county,2004,06099,06,099,759,1.2,148.5,539,1.2,220,1.2
sutter county,2004,06101,06,101,226,0.3,251.4,188,0.4,38,0.2
tehama county,2004,06103,06,103,221,0.3,359.6,183,0.4,38,0.2
trinity county,2004,06105,06,105,25,0,178.6,21,0,4,0
tulare county,2004,06107,06,107,932,1.4,224.2,728,1.6,204,1.1
tuolumne county,2004,06109,06,109,90,0.1,146.5,67,0.1,23,0.1
ventura county,2004,06111,06,111,681,1.1,85.9,516,1.1,165,0.9
yolo county,2004,06113,06,113,439,0.7,248.1,328,0.7,111,0.6
yuba county,2004,06115,06,115,156,0.2,229.8,136,0.3,20,0.1
alameda county,2003,06001,06,001,1326,2.2,86.4,967,2.2,359,2.3
alpine county,2003,06003,06,003,3,0,226.2,3,0,0,0
amador county,2003,06005,06,005,77,0.1,213.8,65,0.1,12,0.1
butte county,2003,06007,06,007,488,0.8,217.5,424,1,64,0.4
calaveras county,2003,06009,06,009,46,0.1,99.9,42,0.1,4,0
colusa county,2003,06011,06,011,34,0.1,140.9,31,0.1,3,0
contra costa county,2003,06013,06,013,550,0.9,57.1,426,1,124,0.8
del norte county,2003,06015,06,015,60,0.1,181.2,52,0.1,8,0.1
el dorado county,2003,06017,06,017,131,0.2,72.7,104,0.2,27,0.2
fresno county,2003,06019,06,019,2235,3.8,261.7,1796,4.1,439,2.8
glenn county,2003,06021,06,021,65,0.1,201.4,56,0.1,9,0.1
humboldt county,2003,06023,06,023,290,0.5,221.7,223,0.5,67,0.4
imperial county,2003,06025,06,025,108,0.2,61.8,71,0.2,37,0.2
inyo county,2003,06027,06,027,39,0.1,208.9,33,0.1,6,0
kern county,2003,06029,06,029,2266,3.8,310.4,1715,3.9,551,3.5
kings county,2003,06031,06,031,468,0.8,347.1,424,1,44,0.3
lake county,2003,06033,06,033,163,0.3,247.1,142,0.3,21,0.1
lassen county,2003,06035,06,035,48,0.1,125.1,44,0.1,4,0
los angeles county,2003,06037,06,037,18833,31.9,186.7,13071,30.1,5762,36.7
madera county,2003,06039,06,039,289,0.5,205.8,237,0.5,52,0.3
marin county,2003,06041,06,041,99,0.2,39.3,84,0.2,15,0.1
mariposa county,2003,06043,06,043,32,0.1,176.9,26,0.1,6,0
mendocino county,2003,06045,06,045,144,0.2,151.6,122,0.3,22,0.1
merced county,2003,06047,06,047,466,0.8,203,358,0.8,108,0.7
modoc county,2003,06049,06,049,21,0,194.6,20,0,1,0
mono county,2003,06051,06,051,15,0,131.5,14,0,1,0
monterey county,2003,06053,06,053,573,1,134.8,448,1,125,0.8
napa county,2003,06055,06,055,162,0.3,121.9,140,0.3,22,0.1
nevada county,2003,06057,06,057,51,0.1,48.7,44,0.1,7,0
orange county,2003,06059,06,059,3775,6.4,128,2829,6.5,946,6
placer county,2003,06061,06,061,331,0.6,122.4,258,0.6,73,0.5
plumas county,2003,06063,06,063,20,0,93.9,18,0,2,0
riverside county,2003,06065,06,065,4417,7.5,254.3,3043,7,1374,8.8
sacramento county,2003,06067,06,067,2150,3.6,167.6,1503,3.5,647,4.1
san benito county,2003,06069,06,069,40,0.1,70.2,35,0.1,5,0
san bernardino county,2003,06071,06,071,5122,8.7,275.1,3702,8.5,1420,9
san diego county,2003,06073,06,073,3825,6.5,122.5,2620,6,1205,7.7
san francisco county,2003,06075,06,075,338,0.6,42.5,256,0.6,82,0.5
san joaquin county,2003,06077,06,077,809,1.4,130.2,719,1.7,90,0.6
san luis obispo county,2003,06079,06,079,235,0.4,85,175,0.4,60,0.4
san mateo county,2003,06081,06,081,649,1.1,83.4,522,1.2,127,0.8
santa barbara county,2003,06083,06,083,641,1.1,149.8,506,1.2,135,0.9
santa clara county,2003,06085,06,085,2485,4.2,133.8,1994,4.6,491,3.1
santa cruz county,2003,06087,06,087,166,0.3,60.8,127,0.3,39,0.2
shasta county,2003,06089,06,089,527,0.9,280.3,422,1,105,0.7
sierra county,2003,06091,06,091,3,0,86.2,3,0,0,0
siskiyou county,2003,06093,06,093,81,0.1,174.4,70,0.2,11,0.1
solano county,2003,06095,06,095,793,1.3,186.8,612,1.4,181,1.2
sonoma county,2003,06097,06,097,374,0.6,76.8,326,0.8,48,0.3
stanislaus county,2003,06099,06,099,751,1.3,150.7,546,1.3,205,1.3
sutter county,2003,06101,06,101,215,0.4,244.4,186,0.4,29,0.2
tehama county,2003,06103,06,103,188,0.3,313,163,0.4,25,0.2
trinity county,2003,06105,06,105,32,0.1,230.6,27,0.1,5,0
tulare county,2003,06107,06,107,812,1.4,199.7,634,1.5,178,1.1
tuolumne county,2003,06109,06,109,68,0.1,113.1,60,0.1,8,0.1
ventura county,2003,06111,06,111,591,1,75.5,437,1,154,1
yolo county,2003,06113,06,113,391,0.7,225,286,0.7,105,0.7
yuba county,2003,06115,06,115,201,0.3,300.5,160,0.4,41,0.3
alameda county,2002,06001,06,001,1453,2.7,96,1019,2.6,434,3
alpine county,2002,06003,06,003,3,0,232.2,3,0,0,0
amador county,2002,06005,06,005,56,0.1,157.2,48,0.1,8,0.1
butte county,2002,06007,06,007,387,0.7,176.9,341,0.9,46,0.3
calaveras county,2002,06009,06,009,40,0.1,89.5,34,0.1,6,0
colusa county,2002,06011,06,011,30,0.1,130.1,22,0.1,8,0.1
contra costa county,2002,06013,06,013,576,1.1,60.4,432,1.1,144,1
del norte county,2002,06015,06,015,42,0.1,129.5,28,0.1,14,0.1
el dorado county,2002,06017,06,017,126,0.2,72.2,109,0.3,17,0.1
fresno county,2002,06019,06,019,1633,3.1,194.5,1326,3.4,307,2.1
glenn county,2002,06021,06,021,40,0.1,127.9,31,0.1,9,0.1
humboldt county,2002,06023,06,023,261,0.5,200.8,209,0.5,52,0.4
imperial county,2002,06025,06,025,136,0.3,81,97,0.3,39,0.3
inyo county,2002,06027,06,027,38,0.1,204.5,34,0.1,4,0
kern county,2002,06029,06,029,2198,4.1,308.6,1711,4.4,487,3.4
kings county,2002,06031,06,031,421,0.8,318.7,373,1,48,0.3
lake county,2002,06033,06,033,154,0.3,240.4,131,0.3,23,0.2
lassen county,2002,06035,06,035,96,0.2,255.6,89,0.2,7,0
los angeles county,2002,06037,06,037,17131,32.3,171.2,11813,30.5,5318,37
madera county,2002,06039,06,039,282,0.5,207.8,241,0.6,41,0.3
marin county,2002,06041,06,041,102,0.2,40.7,88,0.2,14,0.1
mariposa county,2002,06043,06,043,30,0.1,169.9,26,0.1,4,0
mendocino county,2002,06045,06,045,122,0.2,130.5,112,0.3,10,0.1
merced county,2002,06047,06,047,381,0.7,169.6,304,0.8,77,0.5
modoc county,2002,06049,06,049,19,0,177.5,18,0,1,0
mono county,2002,06051,06,051,15,0,133.4,12,0,3,0
monterey county,2002,06053,06,053,401,0.8,96.1,310,0.8,91,0.6
napa county,2002,06055,06,055,132,0.2,100.7,107,0.3,25,0.2
nevada county,2002,06057,06,057,68,0.1,66.5,59,0.2,9,0.1
orange county,2002,06059,06,059,2869,5.4,98.6,2081,5.4,788,5.5
placer county,2002,06061,06,061,339,0.6,129.6,286,0.7,53,0.4
plumas county,2002,06063,06,063,23,0,108.6,20,0.1,3,0
riverside county,2002,06065,06,065,3846,7.3,228.8,2600,6.7,1246,8.7
sacramento county,2002,06067,06,067,1788,3.4,142,1231,3.2,557,3.9
san benito county,2002,06069,06,069,65,0.1,117.6,57,0.1,8,0.1
san bernardino county,2002,06071,06,071,4576,8.6,251.9,3268,8.5,1308,9.1
san diego county,2002,06073,06,073,3774,7.1,123.1,2626,6.8,1148,8
san francisco county,2002,06075,06,075,378,0.7,47.5,292,0.8,86,0.6
san joaquin county,2002,06077,06,077,695,1.3,114.4,617,1.6,78,0.5
san luis obispo county,2002,06079,06,079,252,0.5,93.6,188,0.5,64,0.4
san mateo county,2002,06081,06,081,635,1.2,82.5,508,1.3,127,0.9
santa barbara county,2002,06083,06,083,517,1,122.3,403,1,114,0.8
santa clara county,2002,06085,06,085,2241,4.2,122.7,1749,4.5,492,3.4
santa cruz county,2002,06087,06,087,200,0.4,74.4,154,0.4,46,0.3
shasta county,2002,06089,06,089,392,0.7,213.1,322,0.8,70,0.5
sierra county,2002,06091,06,091,1,0,28.8,1,0,0,0
siskiyou county,2002,06093,06,093,77,0.1,167.3,61,0.2,16,0.1
solano county,2002,06095,06,095,677,1.3,162.6,514,1.3,163,1.1
sonoma county,2002,06097,06,097,394,0.7,82.4,341,0.9,53,0.4
stanislaus county,2002,06099,06,099,653,1.2,134.6,465,1.2,188,1.3
sutter county,2002,06101,06,101,200,0.4,232.6,162,0.4,38,0.3
tehama county,2002,06103,06,103,192,0.4,326.7,160,0.4,32,0.2
trinity county,2002,06105,06,105,34,0.1,247.4,28,0.1,6,0
tulare county,2002,06107,06,107,726,1.4,182.6,571,1.5,155,1.1
tuolumne county,2002,06109,06,109,81,0.2,137.7,55,0.1,26,0.2
ventura county,2002,06111,06,111,543,1,70.2,401,1,142,1
yolo county,2002,06113,06,113,324,0.6,190,236,0.6,88,0.6
yuba county,2002,06115,06,115,168,0.3,254.9,144,0.4,24,0.2
alameda county,2000,06001,06,001,1935,3.4,131.6,1424,3.5,511,3.2
alpine county,2000,06003,06,003,0,0,0,0,0,0,0
amador county,2000,06005,06,005,32,0.1,91.8,28,0.1,4,0
butte county,2000,06007,06,007,340,0.6,164.1,290,0.7,50,0.3
calaveras county,2000,06009,06,009,18,0,42.8,14,0,4,0
colusa county,2000,06011,06,011,23,0,109.7,20,0,3,0
contra costa county,2000,06013,06,013,588,1,63.1,422,1,166,1
del norte county,2000,06015,06,015,54,0.1,173.3,48,0.1,6,0
el dorado county,2000,06017,06,017,141,0.3,86.4,115,0.3,26,0.2
fresno county,2000,06019,06,019,1478,2.6,182.2,1143,2.8,335,2.1
glenn county,2000,06021,06,021,46,0.1,157,39,0.1,7,0
humboldt county,2000,06023,06,023,194,0.3,151.1,146,0.4,48,0.3
imperial county,2000,06025,06,025,147,0.3,95.1,109,0.3,38,0.2
inyo county,2000,06027,06,027,27,0,146.4,24,0.1,3,0
kern county,2000,06029,06,029,2114,3.8,312.1,1575,3.9,539,3.4
kings county,2000,06031,06,031,430,0.8,339.5,358,0.9,72,0.4
lake county,2000,06033,06,033,153,0.3,254.7,139,0.3,14,0.1
lassen county,2000,06035,06,035,62,0.1,172.4,46,0.1,16,0.1
los angeles county,2000,06037,06,037,18581,33,188.9,12625,31.3,5956,37.2
madera county,2000,06039,06,039,298,0.5,235.8,246,0.6,52,0.3
marin county,2000,06041,06,041,90,0.2,36.2,67,0.2,23,0.1
mariposa county,2000,06043,06,043,17,0,101.4,16,0,1,0
mendocino county,2000,06045,06,045,118,0.2,130.5,93,0.2,25,0.2
merced county,2000,06047,06,047,420,0.6,195.1,325,0.7,95,0.6
modoc county,2000,06049,06,049,10,0,95.4,8,0,2,0
mono county,2000,06051,06,051,16,0,146.9,13,0,3,0
monterey county,2000,06053,06,053,477,0.8,118.7,355,0.9,122,0.8
napa county,2000,06055,06,055,113,0.2,88.9,87,0.2,26,0.2
nevada county,2000,06057,06,057,43,0.1,44.3,36,0.1,7,0
orange county,2000,06059,06,059,3671,6.5,129.6,2639,6.6,1032,6.4
placer county,2000,06061,06,061,293,0.5,120.3,231,0.6,62,0.4
plumas county,2000,06063,06,063,26,0,124.7,25,0.1,1,0
riverside county,2000,06065,06,065,3490,6.2,222.2,2275,5.6,1215,7.6
sacramento county,2000,06067,06,067,2074,3.7,171,1341,3.3,733,4.6
san benito county,2000,06069,06,069,49,0.1,94.5,36,0.1,13,0.1
san bernardino county,2000,06071,06,071,4670,8.3,270.3,3376,8.4,1294,8.1
san diego county,2000,06073,06,073,4176,7.4,141.9,2841,7.1,1335,8.3
san francisco county,2000,06075,06,075,581,1,73.4,451,1.1,130,0.8
san joaquin county,2000,06077,06,077,761,1.4,131.3,649,1.6,112,0.7
san luis obispo county,2000,06079,06,079,164,0.3,64.4,113,0.3,51,0.3
san mateo county,2000,06081,06,081,637,1.1,85.3,478,1.2,159,1
santa barbara county,2000,06083,06,083,499,0.9,121.1,384,1,115,0.7
santa clara county,2000,06085,06,085,2303,4.1,130.6,1842,4.6,461,2.9
santa cruz county,2000,06087,06,087,228,0.4,87.6,185,0.5,43,0.3
shasta county,2000,06089,06,089,477,0.8,271.4,386,1,91,0.6
sierra county,2000,06091,06,091,4,0,115.7,3,0,1,0
siskiyou county,2000,06093,06,093,98,0.2,216.8,85,0.2,13,0.1
solano county,2000,06095,06,095,644,1.1,161.1,499,1.2,145,0.9
sonoma county,2000,06097,06,097,415,0.7,90.4,329,0.8,86,0.5
stanislaus county,2000,06099,06,099,706,1.3,153.8,469,1.2,237,1.5
sutter county,2000,06101,06,101,204,0.4,248.7,163,0.4,41,0.3
tehama county,2000,06103,06,103,158,0.3,278.8,133,0.3,25,0.2
trinity county,2000,06105,06,105,14,0,103.8,10,0,4,0
tulare county,2000,06107,06,107,668,1.2,175.8,519,1.3,149,0.9
tuolumne county,2000,06109,06,109,74,0.1,131.8,65,0.2,9,0.1
ventura county,2000,06111,06,111,709,1.3,94.1,545,1.4,164,1
yolo county,2000,06113,06,113,391,0.7,238.4,284,0.7,107,0.7
yuba county,2000,06115,06,115,138,0.2,215.7,109,0.3,29,0.2
alameda county,1999,06001,06,001,1690,2.8,116.7,1221,2.8,469,2.7
alpine county,1999,06003,06,003,2,0,163.1,2,0,0,0
amador county,1999,06005,06,005,34,0.1,98.8,27,0.1,7,0
butte county,1999,06007,06,007,374,0.6,183.1,301,0.7,73,0.4
calaveras county,1999,06009,06,009,24,0,59.1,17,0,7,0
colusa county,1999,06011,06,011,36,0.1,179.2,30,0.1,6,0
contra costa county,1999,06013,06,013,692,1.2,75.1,467,1.1,225,1.3
del norte county,1999,06015,06,015,47,0.1,154.8,38,0.1,9,0.1
el dorado county,1999,06017,06,017,170,0.3,108.3,134,0.3,36,0.2
fresno county,1999,06019,06,019,1518,2.5,189.7,1162,2.7,356,2.1
glenn county,1999,06021,06,021,47,0.1,165.3,34,0.1,13,0.1
humboldt county,1999,06023,06,023,206,0.3,161.4,160,0.4,46,0.3
imperial county,1999,06025,06,025,149,0.2,99.1,110,0.3,39,0.2
inyo county,1999,06027,06,027,40,0.1,218,35,0.1,5,0
kern county,1999,06029,06,029,2205,3.7,332.8,1699,4,506,3
kings county,1999,06031,06,031,340,0.6,274.9,292,0.7,48,0.3
lake county,1999,06033,06,033,100,0.2,171.4,92,0.2,8,0
lassen county,1999,06035,06,035,71,0.1,201.7,65,0.2,6,0
los angeles county,1999,06037,06,037,20559,34.3,211.3,14056,32.7,6503,38
madera county,1999,06039,06,039,222,0.4,182.3,184,0.4,38,0.2
marin county,1999,06041,06,041,102,0.2,41.3,83,0.2,19,0.1
mariposa county,1999,06043,06,043,23,0,140.8,21,0,2,0
mendocino county,1999,06045,06,045,93,0.2,104.5,72,0.2,21,0.1
merced county,1999,06047,06,047,400,0.7,189.8,315,0.7,85,0.5
modoc county,1999,06049,06,049,15,0,144.5,11,0,4,0
mono county,1999,06051,06,051,7,0,65.2,7,0,0,0
monterey county,1999,06053,06,053,505,0.8,127.8,383,0.9,122,0.7
napa county,1999,06055,06,055,85,0.1,67.9,72,0.2,13,0.1
nevada county,1999,06057,06,057,69,0.1,73.4,56,0.1,13,0.1
orange county,1999,06059,06,059,3991,6.6,143.2,2878,6.7,1113,6.5
placer county,1999,06061,06,061,255,0.4,109.1,199,0.5,56,0.3
plumas county,1999,06063,06,063,20,0,96.6,18,0,2,0
riverside county,1999,06065,06,065,3628,6,238.8,2404,5.6,1224,7.2
sacramento county,1999,06067,06,067,2174,3.6,182.8,1492,3.5,682,4
san benito county,1999,06069,06,069,44,0.1,87.8,37,0.1,7,0
san bernardino county,1999,06071,06,071,4585,7.6,271.5,3248,7.6,1337,7.8
san diego county,1999,06073,06,073,4870,8.1,168.8,3297,7.7,1573,9.2
san francisco county,1999,06075,06,075,746,1.2,94.6,557,1.3,189,1.1
san joaquin county,1999,06077,06,077,939,1.6,165.7,752,1.8,187,1.1
san luis obispo county,1999,06079,06,079,198,0.3,79.9,130,0.3,68,0.4
san mateo county,1999,06081,06,081,711,1.2,96.7,546,1.3,165,1
santa barbara county,1999,06083,06,083,544,0.9,133.2,423,1,121,0.7
santa clara county,1999,06085,06,085,2430,4,140.3,1955,4.6,475,2.8
santa cruz county,1999,06087,06,087,220,0.4,86,184,0.4,36,0.2
shasta county,1999,06089,06,089,449,0.7,262.2,356,0.8,93,0.5
sierra county,1999,06091,06,091,2,0,58.4,2,0,0,0
siskiyou county,1999,06093,06,093,107,0.2,238.6,82,0.2,25,0.1
solano county,1999,06095,06,095,694,1.2,177,508,1.2,186,1.1
sonoma county,1999,06097,06,097,445,0.7,98.8,371,0.9,74,0.4
stanislaus county,1999,06099,06,099,694,1.2,155.6,494,1.2,200,1.2
sutter county,1999,06101,06,101,239,0.4,298.8,188,0.4,51,0.3
tehama county,1999,06103,06,103,150,0.2,268.8,119,0.3,31,0.2
trinity county,1999,06105,06,105,20,0,149.8,15,0,5,0
tulare county,1999,06107,06,107,677,1.1,182.2,509,1.2,168,1
tuolumne county,1999,06109,06,109,93,0.2,170.2,80,0.2,13,0.1
ventura county,1999,06111,06,111,792,1.3,106.3,607,1.4,185,1.1
yolo county,1999,06113,06,113,351,0.6,218.3,251,0.6,100,0.6
yuba county,1999,06115,06,115,131,0.2,207.7,83,0.2,48,0.3
alameda county,1998,06001,06,001,1602,2.5,112.4,1139,2.4,463,2.7
alpine county,1998,06003,06,003,1,0,82.2,1,0,0,0
amador county,1998,06005,06,005,30,0,88.3,28,0.1,2,0
butte county,1998,06007,06,007,452,0.7,224.5,388,0.8,64,0.4
calaveras county,1998,06009,06,009,23,0,58.7,21,0,2,0
colusa county,1998,06011,06,011,59,0.1,305.9,51,0.1,8,0
contra costa county,1998,06013,06,013,684,1.1,75,427,0.9,257,1.5
del norte county,1998,06015,06,015,82,0.1,279,71,0.2,11,0.1
el dorado county,1998,06017,06,017,164,0.3,108.1,143,0.3,21,0.1
fresno county,1998,06019,06,019,1556,2.4,197.1,1168,2.5,388,2.2
glenn county,1998,06021,06,021,86,0.1,311.5,67,0.1,19,0.1
humboldt county,1998,06023,06,023,185,0.3,145.8,152,0.3,33,0.2
imperial county,1998,06025,06,025,114,0.2,77.9,81,0.2,33,0.2
inyo county,1998,06027,06,027,40,0.1,218.6,36,0.1,4,0
kern county,1998,06029,06,029,2251,3.5,347.3,1755,3.8,496,2.9
kings county,1998,06031,06,031,339,0.5,282.9,297,0.6,42,0.2
lake county,1998,06033,06,033,101,0.2,178.2,87,0.2,14,0.1
lassen county,1998,06035,06,035,81,0.1,234.9,64,0.1,17,0.1
los angeles county,1998,06037,06,037,22929,35.8,238.3,16140,34.6,6789,39.1
madera county,1998,06039,06,039,256,0.4,218.1,208,0.4,48,0.3
marin county,1998,06041,06,041,124,0.2,50.5,105,0.2,19,0.1
mariposa county,1998,06043,06,043,29,0,180.2,25,0.1,4,0
mendocino county,1998,06045,06,045,134,0.2,153.2,121,0.3,13,0.1
merced county,1998,06047,06,047,392,0.6,190.1,320,0.7,72,0.5
modoc county,1998,06049,06,049,19,0,184.4,16,0,3,0
mono county,1998,06051,06,051,8,0,75.4,6,0,2,0
monterey county,1998,06053,06,053,642,1,165.5,486,1,156,0.9
napa county,1998,06055,06,055,112,0.2,91,88,0.2,24,0.1
nevada county,1998,06057,06,057,60,0.1,65.8,46,0.1,14,0.1
orange county,1998,06059,06,059,4333,6.8,157.9,3196,6.9,1137,6.5
placer county,1998,06061,06,061,243,0.4,108.3,190,0.4,53,0.3
plumas county,1998,06063,06,063,21,0,102.1,19,0,2,0
riverside county,1998,06065,06,065,4013,6.3,272.9,2730,5.9,1283,7.4
sacramento county,1998,06067,06,067,2508,3.9,215,1744,3.7,764,4.4
san benito county,1998,06069,06,069,33,0.1,68.2,28,0.1,5,0
san bernardino county,1998,06071,06,071,4265,6.7,258.1,3103,6.7,1162,6.7
san diego county,1998,06073,06,073,5103,8,180.7,3537,7.6,1566,9
san francisco county,1998,06075,06,075,702,1.1,89.5,525,1.1,177,1
san joaquin county,1998,06077,06,077,962,1.5,173.6,814,1.7,148,0.9
san luis obispo county,1998,06079,06,079,262,0.4,108.6,208,0.4,54,0.3
san mateo county,1998,06081,06,081,736,1.2,101.7,562,1.2,174,1
santa barbara county,1998,06083,06,083,533,0.8,131.8,402,0.9,131,0.8
santa clara county,1998,06085,06,085,2342,3.7,137.7,1873,4,469,2.7
santa cruz county,1998,06087,06,087,309,0.5,122.9,259,0.6,50,0.3
shasta county,1998,06089,06,089,406,0.6,243.4,309,0.7,97,0.6
sierra county,1998,06091,06,091,1,0,29.4,0,0,1,0
siskiyou county,1998,06093,06,093,111,0.2,249.4,95,0.2,16,0.1
solano county,1998,06095,06,095,601,0.9,156.2,423,0.9,178,1
sonoma county,1998,06097,06,097,407,0.6,92.2,337,0.7,70,0.4
stanislaus county,1998,06099,06,099,726,1.1,167,500,1.1,226,1.3
sutter county,1998,06101,06,101,238,0.4,305.1,196,0.4,42,0.2
tehama county,1998,06103,06,103,155,0.2,281.2,134,0.3,21,0.1
trinity county,1998,06105,06,105,25,0,188.8,21,0,4,0
tulare county,1998,06107,06,107,876,1.4,240.4,703,1.5,173,1
tuolumne county,1998,06109,06,109,105,0.2,197.3,96,0.2,9,0.1
ventura county,1998,06111,06,111,815,1.3,110.7,612,1.3,203,1.2
yolo county,1998,06113,06,113,394,0.6,249.8,302,0.6,92,0.5
yuba county,1998,06115,06,115,189,0.3,304.1,131,0.3,58,0.3
alameda county,1997,06001,06,001,1724,2.7,123.3,1159,2.5,565,3.2
alpine county,1997,06003,06,003,2,0,166,2,0,0,0
amador county,1997,06005,06,005,42,0.1,125.6,36,0.1,6,0
butte county,1997,06007,06,007,368,0.6,185.4,315,0.7,53,0.3
calaveras county,1997,06009,06,009,46,0.1,121.4,38,0.1,8,0
colusa county,1997,06011,06,011,53,0.1,286.1,49,0.1,4,0
contra costa county,1997,06013,06,013,882,1.4,98.4,577,1.2,305,1.7
del norte county,1997,06015,06,015,63,0.1,221.9,52,0.1,11,0.1
el dorado county,1997,06017,06,017,126,0.2,85.5,108,0.2,18,0.1
fresno county,1997,06019,06,019,1741,2.7,223.6,1340,2.9,401,2.3
glenn county,1997,06021,06,021,59,0.1,219.4,55,0.1,4,0
humboldt county,1997,06023,06,023,156,0.2,123.7,113,0.2,43,0.2
imperial county,1997,06025,06,025,148,0.2,103.7,103,0.2,45,0.3
inyo county,1997,06027,06,027,38,0.1,208.1,31,0.1,7,0
kern county,1997,06029,06,029,2539,3.9,400.3,2001,4.3,538,3
kings county,1997,06031,06,031,352,0.5,298.9,289,0.6,63,0.4
lake county,1997,06033,06,033,128,0.2,232.6,110,0.2,18,0.1
lassen county,1997,06035,06,035,56,0.1,165.7,44,0.1,12,0.1
los angeles county,1997,06037,06,037,23931,37.1,251.3,16905,36.1,7026,39.8
madera county,1997,06039,06,039,253,0.4,223,204,0.4,49,0.3
marin county,1997,06041,06,041,147,0.2,60.4,123,0.3,24,0.1
mariposa county,1997,06043,06,043,21,0,131.4,21,0,0,0
mendocino county,1997,06045,06,045,134,0.2,155.9,107,0.2,27,0.2
merced county,1997,06047,06,047,386,0.6,191.1,301,0.7,85,0.5
modoc county,1997,06049,06,049,18,0,177.3,15,0,3,0
mono county,1997,06051,06,051,5,0,47.3,4,0,1,0
monterey county,1997,06053,06,053,627,1,165.9,481,1,146,0.8
napa county,1997,06055,06,055,119,0.2,98.3,91,0.2,28,0.2
nevada county,1997,06057,06,057,40,0.1,45.3,33,0.1,7,0
orange county,1997,06059,06,059,4298,6.7,158.9,3180,6.8,1118,6.3
placer county,1997,06061,06,061,294,0.5,136.4,224,0.5,70,0.4
plumas county,1997,06063,06,063,16,0,78.3,14,0,2,0
riverside county,1997,06065,06,065,3901,6,274,2645,5.6,1256,7.1
sacramento county,1997,06067,06,067,2125,3.3,185.3,1443,3.1,682,3.9
san benito county,1997,06069,06,069,44,0.1,95.3,31,0.1,13,0.1
san bernardino county,1997,06071,06,071,4439,6.9,274.5,3243,6.9,1196,6.8
san diego county,1997,06073,06,073,4913,7.6,177.8,3361,7.2,1552,8.8
san francisco county,1997,06075,06,075,711,1.1,91.4,503,1.1,208,1.2
san joaquin county,1997,06077,06,077,935,1.5,172.4,806,1.7,129,0.7
san luis obispo county,1997,06079,06,079,262,0.4,111.7,201,0.4,61,0.3
san mateo county,1997,06081,06,081,639,1,89.8,476,1,163,0.9
santa barbara county,1997,06083,06,083,518,0.8,129.2,389,0.8,129,0.7
santa clara county,1997,06085,06,085,1920,3,114.9,1462,3.1,458,2.6
santa cruz county,1997,06087,06,087,233,0.4,94.2,184,0.4,49,0.3
shasta county,1997,06089,06,089,437,0.7,267.7,344,0.7,93,0.5
sierra county,1997,06091,06,091,2,0,58.6,2,0,0,0
siskiyou county,1997,06093,06,093,100,0.2,226.2,87,0.2,13,0.1
solano county,1997,06095,06,095,530,0.8,140,375,0.8,155,0.9
sonoma county,1997,06097,06,097,434,0.7,100.3,367,0.8,67,0.4
stanislaus county,1997,06099,06,099,706,1.1,166,512,1.1,194,1.1
sutter county,1997,06101,06,101,312,0.5,410.3,233,0.5,79,0.4
tehama county,1997,06103,06,103,155,0.2,283.8,136,0.3,19,0.1
trinity county,1997,06105,06,105,26,0,196.3,22,0,4,0
tulare county,1997,06107,06,107,833,1.3,232.4,688,1.5,145,0.8
tuolumne county,1997,06109,06,109,105,0.2,201.3,93,0.2,12,0.1
ventura county,1997,06111,06,111,832,1.3,114.4,666,1.4,166,0.9
yolo county,1997,06113,06,113,352,0.5,227.2,261,0.6,91,0.5
yuba county,1997,06115,06,115,206,0.3,336.2,165,0.4,41,0.2
alameda county,1996,06001,06,001,1932,3,141.5,1320,2.8,612,3.5
alpine county,1996,06003,06,003,4,0,336.1,3,0,1,0
amador county,1996,06005,06,005,23,0,69.8,20,0,3,0
butte county,1996,06007,06,007,415,0.6,211.2,359,0.8,56,0.3
calaveras county,1996,06009,06,009,47,0.1,127.4,44,0.1,3,0
colusa county,1996,06011,06,011,28,0,153.4,24,0.1,4,0
contra costa county,1996,06013,06,013,892,1.4,101.6,599,1.3,293,1.7
del norte county,1996,06015,06,015,79,0.1,287.3,65,0.1,14,0.1
el dorado county,1996,06017,06,017,144,0.2,99.5,116,0.2,28,0.2
fresno county,1996,06019,06,019,1677,2.6,217.9,1295,2.8,382,2.2
glenn county,1996,06021,06,021,52,0.1,194.8,45,0.1,7,0
humboldt county,1996,06023,06,023,190,0.3,151.9,152,0.3,38,0.2
imperial county,1996,06025,06,025,144,0.2,102,96,0.2,48,0.3
inyo county,1996,06027,06,027,41,0.1,224.7,34,0.1,7,0
kern county,1996,06029,06,029,2376,3.7,380.7,1870,4,506,2.9
kings county,1996,06031,06,031,322,0.5,278.3,268,0.6,54,0.3
lake county,1996,06033,06,033,115,0.2,209.5,104,0.2,11,0.1
lassen county,1996,06035,06,035,80,0.1,245,67,0.1,13,0.1
los angeles county,1996,06037,06,037,23325,36.4,248.2,16356,35.2,6969,39.8
madera county,1996,06039,06,039,234,0.4,212.1,180,0.4,54,0.3
marin county,1996,06041,06,041,161,0.3,67.2,138,0.3,23,0.1
mariposa county,1996,06043,06,043,8,0,50.2,7,0,1,0
mendocino county,1996,06045,06,045,140,0.2,165.1,109,0.2,31,0.2
merced county,1996,06047,06,047,372,0.6,187.5,292,0.6,80,0.5
modoc county,1996,06049,06,049,18,0,180,16,0,2,0
mono county,1996,06051,06,051,10,0,95.2,7,0,3,0
monterey county,1996,06053,06,053,523,0.8,145.2,376,0.8,147,0.8
napa county,1996,06055,06,055,123,0.2,103.4,97,0.2,26,0.1
nevada county,1996,06057,06,057,49,0.1,56.3,33,0.1,16,0.1
orange county,1996,06059,06,059,4401,6.9,166.1,3329,7.2,1072,6.1
placer county,1996,06061,06,061,292,0.5,139.6,239,0.5,53,0.3
plumas county,1996,06063,06,063,14,0,69.1,13,0,1,0
riverside county,1996,06065,06,065,3628,5.7,260.4,2393,5.1,1235,7
sacramento county,1996,06067,06,067,2087,3.3,184.3,1385,3,702,4
san benito county,1996,06069,06,069,47,0.1,106.8,42,0.1,5,0
san bernardino county,1996,06071,06,071,4104,6.4,257.7,3034,6.5,1070,6.1
san diego county,1996,06073,06,073,5110,8,189.6,3657,7.9,1453,8.3
san francisco county,1996,06075,06,075,1076,1.7,140.1,758,1.6,318,1.8
san joaquin county,1996,06077,06,077,1095,1.7,205.4,917,2,178,1
san luis obispo county,1996,06079,06,079,247,0.4,107.1,191,0.4,56,0.3
san mateo county,1996,06081,06,081,698,1.1,100,525,1.1,173,1
santa barbara county,1996,06083,06,083,560,0.9,142.2,419,0.9,141,0.8
santa clara county,1996,06085,06,085,2063,3.2,125.9,1546,3.3,517,3
santa cruz county,1996,06087,06,087,265,0.4,108.8,210,0.5,55,0.3
shasta county,1996,06089,06,089,366,0.6,226.3,270,0.6,96,0.5
sierra county,1996,06091,06,091,1,0,29.7,1,0,0,0
siskiyou county,1996,06093,06,093,104,0.2,236.4,92,0.2,12,0.1
solano county,1996,06095,06,095,596,0.9,160,459,1,137,0.8
sonoma county,1996,06097,06,097,410,0.6,96.6,358,0.8,52,0.3
stanislaus county,1996,06099,06,099,708,1.1,169.2,501,1.1,207,1.2
sutter county,1996,06101,06,101,274,0.4,367.3,212,0.5,62,0.4
tehama county,1996,06103,06,103,134,0.2,246.3,111,0.2,23,0.1
trinity county,1996,06105,06,105,21,0,157.3,17,0,4,0
tulare county,1996,06107,06,107,764,1.2,216.1,610,1.3,154,0.9
tuolumne county,1996,06109,06,109,92,0.1,178.3,78,0.2,14,0.1
ventura county,1996,06111,06,111,843,1.3,117.9,676,1.5,167,1
yolo county,1996,06113,06,113,329,0.5,215.7,236,0.5,93,0.5
yuba county,1996,06115,06,115,159,0.2,262.8,116,0.2,43,0.2
alameda county,1995,06001,06,001,1754,2.8,130.1,1217,2.7,537,3.1
alpine county,1995,06003,06,003,5,0,427.4,5,0,0,0
amador county,1995,06005,06,005,19,0,58.3,15,0,4,0
butte county,1995,06007,06,007,344,0.5,175.4,290,0.6,54,0.3
calaveras county,1995,06009,06,009,14,0,37.9,13,0,1,0
colusa county,1995,06011,06,011,34,0.1,190.5,27,0.1,7,0
contra costa county,1995,06013,06,013,895,1.4,103.2,663,1.5,232,1.3
del norte county,1995,06015,06,015,78,0.1,282.6,69,0.2,9,0.1
el dorado county,1995,06017,06,017,126,0.2,87.4,100,0.2,26,0.1
fresno county,1995,06019,06,019,1812,2.9,240.3,1373,3,439,2.5
glenn county,1995,06021,06,021,42,0.1,157.9,39,0.1,3,0
humboldt county,1995,06023,06,023,205,0.3,164.7,168,0.4,37,0.2
imperial county,1995,06025,06,025,157,0.2,114.3,121,0.3,36,0.2
inyo county,1995,06027,06,027,48,0.1,260.2,38,0.1,10,0.1
kern county,1995,06029,06,029,2032,3.2,329.5,1515,3.3,517,3
kings county,1995,06031,06,031,272,0.4,236.7,228,0.5,44,0.3
lake county,1995,06033,06,033,99,0.2,179.7,81,0.2,18,0.1
lassen county,1995,06035,06,035,88,0.1,307.2,78,0.2,10,0.1
los angeles county,1995,06037,06,037,22703,36.1,242.8,15853,34.9,6850,39.2
madera county,1995,06039,06,039,280,0.4,263.2,223,0.5,57,0.3
marin county,1995,06041,06,041,142,0.2,59.4,119,0.3,23,0.1
mariposa county,1995,06043,06,043,26,0,163.5,25,0.1,1,0
mendocino county,1995,06045,06,045,154,0.2,182.7,127,0.3,27,0.2
merced county,1995,06047,06,047,373,0.6,187.9,300,0.7,73,0.4
modoc county,1995,06049,06,049,16,0,159.2,14,0,2,0
mono county,1995,06051,06,051,6,0,56.9,1,0,5,0
monterey county,1995,06053,06,053,445,0.7,123,315,0.7,130,0.7
napa county,1995,06055,06,055,177,0.3,150.3,140,0.3,37,0.2
nevada county,1995,06057,06,057,40,0.1,46.2,33,0.1,7,0
orange county,1995,06059,06,059,4638,7.4,177.4,3554,7.8,1084,6.2
placer county,1995,06061,06,061,225,0.4,110.6,181,0.4,44,0.3
plumas county,1995,06063,06,063,10,0,48.8,8,0,2,0
riverside county,1995,06065,06,065,3529,5.6,257.5,2340,5.1,1189,6.8
sacramento county,1995,06067,06,067,2092,3.3,187.2,1348,3,744,4.3
san benito county,1995,06069,06,069,48,0.1,112.5,43,0.1,5,0
san bernardino county,1995,06071,06,071,3967,6.3,250.8,2971,6.5,996,5.7
san diego county,1995,06073,06,073,5379,8.6,201.5,3783,8.3,1596,9.1
san francisco county,1995,06075,06,075,1404,2.2,186.8,990,2.2,414,2.4
san joaquin county,1995,06077,06,077,911,1.4,173.7,730,1.6,181,1
san luis obispo county,1995,06079,06,079,294,0.5,128.7,215,0.5,79,0.5
san mateo county,1995,06081,06,081,715,1.1,103.7,531,1.2,184,1.1
santa barbara county,1995,06083,06,083,592,0.9,151.3,456,1,136,0.8
santa clara county,1995,06085,06,085,2023,3.2,126.2,1543,3.4,480,2.8
santa cruz county,1995,06087,06,087,259,0.4,107.2,205,0.5,54,0.3
shasta county,1995,06089,06,089,329,0.5,204.5,255,0.6,74,0.4
sierra county,1995,06091,06,091,3,0,88.5,2,0,1,0
siskiyou county,1995,06093,06,093,98,0.2,219.5,79,0.2,19,0.1
solano county,1995,06095,06,095,549,0.9,148.2,399,0.9,150,0.9
sonoma county,1995,06097,06,097,396,0.6,94.4,338,0.7,58,0.3
stanislaus county,1995,06099,06,099,692,1.1,167.2,460,1,232,1.3
sutter county,1995,06101,06,101,279,0.4,378,202,0.4,77,0.4
tehama county,1995,06103,06,103,130,0.2,239.9,109,0.2,21,0.1
trinity county,1995,06105,06,105,36,0.1,268.7,32,0.1,4,0
tulare county,1995,06107,06,107,662,1.1,189.3,512,1.1,150,0.9
tuolumne county,1995,06109,06,109,68,0.1,132,55,0.1,13,0.1
ventura county,1995,06111,06,111,706,1.1,99.1,584,1.3,122,0.7
yolo county,1995,06113,06,113,331,0.5,219.5,232,0.5,99,0.6
yuba county,1995,06115,06,115,161,0.3,258.4,112,0.2,49,0.3
alameda county,1994,06001,06,001,1765,3,130.5,1227,3,538,3.2
alpine county,1994,06003,06,003,3,0,250,2,0,1,0
amador county,1994,06005,06,005,39,0.1,116.4,30,0.1,9,0.1
butte county,1994,06007,06,007,376,0.6,184.1,322,0.8,54,0.3
calaveras county,1994,06009,06,009,21,0,54.8,19,0,2,0
colusa county,1994,06011,06,011,36,0.1,203.4,31,0.1,5,0
contra costa county,1994,06013,06,013,832,1.4,95.1,625,1.5,207,1.2
del norte county,1994,06015,06,015,67,0.1,233.4,54,0.1,13,0.1
el dorado county,1994,06017,06,017,86,0.1,58.7,73,0.2,13,0.1
fresno county,1994,06019,06,019,1669,2.8,220.4,1210,2.9,459,2.7
glenn county,1994,06021,06,021,38,0.1,143.4,33,0.1,5,0
humboldt county,1994,06023,06,023,204,0.3,160,159,0.4,45,0.3
imperial county,1994,06025,06,025,136,0.2,97,90,0.2,46,0.3
inyo county,1994,06027,06,027,35,0.1,185.2,25,0.1,10,0.1
kern county,1994,06029,06,029,2057,3.5,330.2,1479,3.6,578,3.4
kings county,1994,06031,06,031,291,0.5,251.5,243,0.6,48,0.3
lake county,1994,06033,06,033,96,0.2,167.5,85,0.2,11,0.1
lassen county,1994,06035,06,035,87,0.1,295.9,70,0.2,17,0.1
los angeles county,1994,06037,06,037,21254,36.3,230.1,14708,35.4,6546,38.5
madera county,1994,06039,06,039,318,0.5,293.9,246,0.6,72,0.4
marin county,1994,06041,06,041,144,0.2,59,116,0.3,28,0.2
mariposa county,1994,06043,06,043,11,0,67.1,11,0,0,0
mendocino county,1994,06045,06,045,110,0.2,128.5,82,0.2,28,0.2
merced county,1994,06047,06,047,319,0.5,158.5,258,0.6,61,0.4
modoc county,1994,06049,06,049,25,0,238.1,21,0.1,4,0
mono county,1994,06051,06,051,14,0,123.9,13,0,1,0
monterey county,1994,06053,06,053,467,0.8,126.6,319,0.8,148,0.9
napa county,1994,06055,06,055,185,0.3,155.5,150,0.4,35,0.2
nevada county,1994,06057,06,057,52,0.1,59.3,39,0.1,13,0.1
orange county,1994,06059,06,059,3619,6.2,138.4,2738,6.6,881,5.2
placer county,1994,06061,06,061,227,0.4,110.5,165,0.4,62,0.4
plumas county,1994,06063,06,063,11,0,52.4,10,0,1,0
riverside county,1994,06065,06,065,3024,5.2,219.2,2064,5,960,5.6
sacramento county,1994,06067,06,067,2146,3.7,188.7,1290,3.1,856,5
san benito county,1994,06069,06,069,31,0.1,73.8,29,0.1,2,0
san bernardino county,1994,06071,06,071,3289,5.6,204.5,2415,5.8,874,5.1
san diego county,1994,06073,06,073,4868,8.3,179.9,3240,7.8,1628,9.6
san francisco county,1994,06075,06,075,1781,3,236.4,1217,2.9,564,3.3
san joaquin county,1994,06077,06,077,1046,1.8,198.6,784,1.9,262,1.5
san luis obispo county,1994,06079,06,079,219,0.4,93.4,155,0.4,64,0.4
san mateo county,1994,06081,06,081,691,1.2,100.2,496,1.2,195,1.1
santa barbara county,1994,06083,06,083,610,1,154.7,460,1.1,150,0.9
santa clara county,1994,06085,06,085,2235,3.8,140.4,1707,4.1,528,3.1
santa cruz county,1994,06087,06,087,239,0.4,99.1,175,0.4,64,0.4
shasta county,1994,06089,06,089,293,0.5,178.1,228,0.5,65,0.4
sierra county,1994,06091,06,091,4,0,117.6,4,0,0,0
siskiyou county,1994,06093,06,093,66,0.1,143.5,57,0.1,9,0.1
solano county,1994,06095,06,095,440,0.8,117.2,323,0.8,117,0.7
sonoma county,1994,06097,06,097,374,0.6,87.5,319,0.8,55,0.3
stanislaus county,1994,06099,06,099,500,0.9,119.8,337,0.8,163,1
sutter county,1994,06101,06,101,268,0.5,361.2,200,0.5,68,0.4
tehama county,1994,06103,06,103,140,0.2,254.1,123,0.3,17,0.1
trinity county,1994,06105,06,105,23,0,165.5,20,0,3,0
tulare county,1994,06107,06,107,631,1.1,179.2,466,1.1,165,1
tuolumne county,1994,06109,06,109,58,0.1,109.2,52,0.1,6,0
ventura county,1994,06111,06,111,644,1.1,90.3,505,1.2,139,0.8
yolo county,1994,06113,06,113,224,0.4,148.1,156,0.4,68,0.4
yuba county,1994,06115,06,115,151,0.3,236.7,105,0.3,46,0.3
alameda county,1993,06001,06,001,1928,3.1,143.9,1286,3,642,3.4
alpine county,1993,06003,06,003,1,0,83.3,1,0,0,0
amador county,1993,06005,06,005,44,0.1,133.3,37,0.1,7,0
butte county,1993,06007,06,007,368,0.6,186,305,0.7,63,0.3
calaveras county,1993,06009,06,009,19,0,51.4,17,0,2,0
colusa county,1993,06011,06,011,33,0.1,188.6,26,0.1,7,0
contra costa county,1993,06013,06,013,839,1.3,97.3,596,1.4,243,1.3
del norte county,1993,06015,06,015,54,0.1,190.1,44,0.1,10,0.1
el dorado county,1993,06017,06,017,116,0.2,81.2,94,0.2,22,0.1
fresno county,1993,06019,06,019,1960,3.1,264.4,1411,3.3,549,2.9
glenn county,1993,06021,06,021,38,0.1,142.9,34,0.1,4,0
humboldt county,1993,06023,06,023,213,0.3,168.2,166,0.4,47,0.2
imperial county,1993,06025,06,025,141,0.2,107,114,0.3,27,0.1
inyo county,1993,06027,06,027,48,0.1,258.1,40,0.1,8,0
kern county,1993,06029,06,029,1800,2.9,295.2,1255,2.9,545,2.8
kings county,1993,06031,06,031,312,0.5,276.4,272,0.6,40,0.2
lake county,1993,06033,06,033,130,0.2,232.1,108,0.3,22,0.1
lassen county,1993,06035,06,035,53,0.1,181.5,47,0.1,6,0
los angeles county,1993,06037,06,037,23895,38.4,259.9,16323,37.8,7572,39.5
madera county,1993,06039,06,039,260,0.4,247.4,195,0.5,65,0.3
marin county,1993,06041,06,041,124,0.2,51.3,85,0.2,39,0.2
mariposa county,1993,06043,06,043,5,0,31.3,4,0,1,0
mendocino county,1993,06045,06,045,167,0.3,198.1,140,0.3,27,0.1
merced county,1993,06047,06,047,276,0.4,140.2,202,0.5,74,0.4
modoc county,1993,06049,06,049,10,0,96.2,8,0,2,0
mono county,1993,06051,06,051,4,0,37,2,0,2,0
monterey county,1993,06053,06,053,508,0.8,134.9,304,0.7,204,1.1
napa county,1993,06055,06,055,185,0.3,156.8,146,0.3,39,0.2
nevada county,1993,06057,06,057,61,0.1,71,50,0.1,11,0.1
orange county,1993,06059,06,059,3517,5.6,136.4,2615,6.1,902,4.7
placer county,1993,06061,06,061,176,0.3,89,130,0.3,46,0.2
plumas county,1993,06063,06,063,9,0,42.9,6,0,3,0
riverside county,1993,06065,06,065,3112,5,231.6,2086,4.8,1026,5.4
sacramento county,1993,06067,06,067,2283,3.7,203.2,1297,3,986,5.1
san benito county,1993,06069,06,069,43,0.1,105.4,39,0.1,4,0
san bernardino county,1993,06071,06,071,2954,4.7,186.9,2080,4.8,874,4.6
san diego county,1993,06073,06,073,5195,8.3,194.9,3390,7.9,1805,9.4
san francisco county,1993,06075,06,075,2132,3.4,285.3,1357,3.1,775,4
san joaquin county,1993,06077,06,077,1118,1.8,215.6,783,1.8,335,1.7
san luis obispo county,1993,06079,06,079,170,0.3,73.9,126,0.3,44,0.2
san mateo county,1993,06081,06,081,699,1.1,102.6,461,1.1,238,1.2
santa barbara county,1993,06083,06,083,517,0.8,132.9,379,0.9,138,0.7
santa clara county,1993,06085,06,085,2657,4.3,168.7,1987,4.6,670,3.5
santa cruz county,1993,06087,06,087,273,0.4,114.8,215,0.5,58,0.3
shasta county,1993,06089,06,089,269,0.4,165.9,206,0.5,63,0.3
sierra county,1993,06091,06,091,4,0,117.6,3,0,1,0
siskiyou county,1993,06093,06,093,70,0.1,154.5,58,0.1,12,0.1
solano county,1993,06095,06,095,456,0.7,122.6,331,0.8,125,0.7
sonoma county,1993,06097,06,097,345,0.6,82.4,293,0.7,52,0.3
stanislaus county,1993,06099,06,099,656,1.1,160.2,430,1,226,1.2
sutter county,1993,06101,06,101,189,0.3,262.5,137,0.3,52,0.3
tehama county,1993,06103,06,103,172,0.3,319.7,144,0.3,28,0.1
trinity county,1993,06105,06,105,25,0,183.8,23,0.1,2,0
tulare county,1993,06107,06,107,594,1,172.9,453,1,141,0.7
tuolumne county,1993,06109,06,109,55,0.1,104.8,45,0.1,10,0.1
ventura county,1993,06111,06,111,599,1,85.1,464,1.1,135,0.7
yolo county,1993,06113,06,113,216,0.3,144.4,141,0.3,75,0.4
yuba county,1993,06115,06,115,202,0.3,319.6,158,0.4,44,0.2
